{
  "unbkndToken": {
    "symbol": "UNBKND",
    "decimals": 9,
    "solanaMintAddress": "YourSolanaMintAddress",
    "ethereumContractAddress": "YourEthereumContractAddress",
    "bscContractAddress": "YourBSCContractAddress"
  },
  "otherTokens": [
    {
      "symbol": "WBTC",
      "solanaMintAddress": "YourSolanaWBTCAddress",
      "ethereumContractAddress": "YourEthereumWBTCAddress"
    },
    {
      "symbol": "USDC",
      "solanaMintAddress": "YourSolanaUSDCAddress",
      "ethereumContractAddress": "YourEthereumUSDCAddress"
    }
  ]
}